[
{
  "model": "terra.unit",
  "pk": 1,
  "fields": {
    "name": "Library",
    "manager": 4,
    "type": 1,
    "parent_unit": null
  }
},
{
  "model": "terra.unit",
  "pk": 2,
  "fields": {
    "name": "DIIT",
    "manager": 1,
    "type": 2,
    "parent_unit": 1
  }
},
{
  "model": "terra.unit",
  "pk": 3,
  "fields": {
    "name": "Software Development & Library Software",
    "manager": 3,
    "type": 3,
    "parent_unit": 2
  }
},
{
  "model": "terra.fund",
  "pk": 1,
  "fields": {
    "account": "605000",
    "cost_center": "LD",
    "fund": "19900",
    "manager": 3
  }
},
{
  "model": "terra.fund",
  "pk": 2,
  "fields": {
    "account": "605000",
    "cost_center": "LD",
    "fund": "18084",
    "manager": 3
  }
},
{
  "model": "terra.travelrequest",
  "pk": 1,
  "fields": {
    "traveler": 2,
    "activity": 1,
    "departure_date": "2020-02-09",
    "return_date": "2020-02-23",
    "days_ooo": 5,
    "closed": false,
    "administrative": false,
    "justification": "Ashton will learn more about the library technology world and current tools and practices by attending this conference.",
    "funding": [
      1,
      2
    ]
  }
},
{
  "model": "terra.travelrequest",
  "pk": 2,
  "fields": {
    "traveler": 3,
    "activity": 1,
    "departure_date": "2020-02-02",
    "return_date": "2020-02-08",
    "days_ooo": 5,
    "closed": false,
    "administrative": false,
    "justification": "",
    "funding": [
      2
    ]
  }
},
{
  "model": "terra.travelrequest",
  "pk": 3,
  "fields": {
    "traveler": 3,
    "activity": 3,
    "departure_date": "2019-12-08",
    "return_date": "2019-09-11",
    "days_ooo": 3,
    "closed": false,
    "administrative": true,
    "justification": "",
    "funding": [
      1
    ]
  }
},
{
  "model": "terra.travelrequest",
  "pk": 4,
  "fields": {
    "traveler": 2,
    "activity": 2,
    "departure_date": "2019-09-08",
    "return_date": "2019-09-14",
    "days_ooo": 5,
    "closed": false,
    "administrative": false,
    "justification": "",
    "funding": [
      1
    ]
  }
},
{
  "model": "terra.travelrequest",
  "pk": 5,
  "fields": {
    "traveler": 2,
    "activity": 4,
    "departure_date": "2019-07-14",
    "return_date": "2019-07-20",
    "days_ooo": 5,
    "closed": true,
    "administrative": false,
    "justification": "",
    "funding": [
      1
    ]
  }
},
{
  "model": "terra.travelrequest",
  "pk": 6,
  "fields": {
    "traveler": 5,
    "activity": 4,
    "departure_date": "2019-07-14",
    "return_date": "2019-07-20",
    "days_ooo": 5,
    "closed": true,
    "administrative": false,
    "justification": "",
    "funding": [
      1
    ]
  }
},
{
  "model": "terra.vacation",
  "pk": 1,
  "fields": {
    "treq": 1,
    "start": "2020-02-17",
    "end": "2020-02-22"
  }
},
{
  "model": "terra.activity",
  "pk": 1,
  "fields": {
    "name": "Code4lib 2020",
    "url": "http://2020.code4lib.org",
    "description": "A conference for library technologists",
    "start": "2020-02-10",
    "end": "2020-02-14",
    "city": "Pittsburgh",
    "state": "PA",
    "country": "USA"
  }
},
{
  "model": "terra.activity",
  "pk": 2,
  "fields": {
    "name": "DLF",
    "url": "",
    "description": "",
    "start": "2019-09-16",
    "end": "2019-09-20",
    "city": "Tallahassee",
    "state": "FL",
    "country": "USA"
  }
},
{
  "model": "terra.activity",
  "pk": 3,
  "fields": {
    "name": "CNI Fall Meeting",
    "url": "",
    "description": "",
    "start": "2019-12-09",
    "end": "2019-09-10",
    "city": "Washington",
    "state": "DC",
    "country": "USA"
  }
},
{
  "model": "terra.activity",
  "pk": 4,
  "fields": {
    "name": "Summer Con",
    "url": "",
    "description": "",
    "start": "2019-07-15",
    "end": "2019-07-19",
    "city": "Los Angeles",
    "state": "CA",
    "country": "USA"
  }
},
{
  "model": "terra.approval",
  "pk": 1,
  "fields": {
    "timestamp": "2019-08-14T02:36:29.984Z",
    "approver": 3,
    "treq": 1,
    "type": "S"
  }
},
{
  "model": "terra.approval",
  "pk": 2,
  "fields": {
    "timestamp": "2019-08-14T02:36:47.408Z",
    "approver": 1,
    "treq": 1,
    "type": "F"
  }
},
{
  "model": "terra.approval",
  "pk": 3,
  "fields": {
    "timestamp": "2019-09-02T15:26:10.109Z",
    "approver": 3,
    "treq": 5,
    "type": "S"
  }
},
{
  "model": "terra.approval",
  "pk": 4,
  "fields": {
    "timestamp": "2019-09-02T15:26:19.878Z",
    "approver": 1,
    "treq": 5,
    "type": "F"
  }
},
{
  "model": "terra.approval",
  "pk": 5,
  "fields": {
    "timestamp": "2019-09-02T15:27:58.201Z",
    "approver": 3,
    "treq": 6,
    "type": "S"
  }
},
{
  "model": "terra.approval",
  "pk": 6,
  "fields": {
    "timestamp": "2019-09-02T15:28:06.791Z",
    "approver": 1,
    "treq": 6,
    "type": "F"
  }
},
{
  "model": "terra.estimatedexpense",
  "pk": 1,
  "fields": {
    "treq": 1,
    "type": "CON",
    "rate": null,
    "quantity": null,
    "total": "250.00000"
  }
},
{
  "model": "terra.estimatedexpense",
  "pk": 2,
  "fields": {
    "treq": 1,
    "type": "AIR",
    "rate": null,
    "quantity": null,
    "total": "500.00000"
  }
},
{
  "model": "terra.estimatedexpense",
  "pk": 3,
  "fields": {
    "treq": 1,
    "type": "LDG",
    "rate": "200.00000",
    "quantity": 5,
    "total": "1000.00000"
  }
},
{
  "model": "terra.estimatedexpense",
  "pk": 4,
  "fields": {
    "treq": 1,
    "type": "EAT",
    "rate": null,
    "quantity": null,
    "total": "250.00000"
  }
},
{
  "model": "terra.estimatedexpense",
  "pk": 5,
  "fields": {
    "treq": 5,
    "type": "CON",
    "rate": null,
    "quantity": null,
    "total": "325.00000"
  }
},
{
  "model": "terra.estimatedexpense",
  "pk": 6,
  "fields": {
    "treq": 6,
    "type": "CON",
    "rate": null,
    "quantity": null,
    "total": "325.00000"
  }
},
{
  "model": "terra.actualexpense",
  "pk": 1,
  "fields": {
    "treq": 1,
    "type": "CON",
    "rate": null,
    "quantity": null,
    "total": "250.00000",
    "fund": 1
  }
},
{
  "model": "terra.actualexpense",
  "pk": 2,
  "fields": {
    "treq": 5,
    "type": "CON",
    "rate": null,
    "quantity": null,
    "total": "325.00000",
    "fund": 1
  }
},
{
  "model": "terra.actualexpense",
  "pk": 3,
  "fields": {
    "treq": 6,
    "type": "CON",
    "rate": null,
    "quantity": null,
    "total": "325.00000",
    "fund": 1
  }
},
{
  "model": "auth.user",
  "pk": 1,
  "fields": {
    "password": "pbkdf2_sha256$150000$NMbC1SqQBI7A$uAKk6/6b9RteJdN7z6bUcZN/ZVhe2kRqMoqvS1fRUj0=",
    "last_login": "2019-09-02T04:23:26.380Z",
    "is_superuser": true,
    "username": "joshuagomez",
    "first_name": "Joshua",
    "last_name": "Gomez",
    "email": "joshuago78@gmail.com",
    "is_staff": true,
    "is_active": true,
    "date_joined": "2019-08-13T22:59:03Z",
    "groups": [],
    "user_permissions": []
  }
},
{
  "model": "auth.user",
  "pk": 2,
  "fields": {
    "password": "pbkdf2_sha256$150000$lze2IRK5REOf$vD3EobiBBGOorhQR+HUW0yzT/7SOynR6n4xxRk1LNk0=",
    "last_login": null,
    "is_superuser": false,
    "username": "tgrappone",
    "first_name": "Todd",
    "last_name": "Grappone",
    "email": "tgrappone@library.ucla.edu",
    "is_staff": false,
    "is_active": true,
    "date_joined": "2019-08-14T02:21:24Z",
    "groups": [],
    "user_permissions": []
  }
},
{
  "model": "auth.user",
  "pk": 3,
  "fields": {
    "password": "pbkdf2_sha256$150000$uZEL9naPqn67$hlgkqVV0DjM5nY/5Jy2qXGu4+yj277vK6PY72PcFIVY=",
    "last_login": "2019-09-02T04:21:02.658Z",
    "is_superuser": false,
    "username": "aprigge",
    "first_name": "Ashton",
    "last_name": "Prigge",
    "email": "aprigge@library.ucla.edu",
    "is_staff": false,
    "is_active": true,
    "date_joined": "2019-08-14T02:23:29Z",
    "groups": [],
    "user_permissions": []
  }
},
{
  "model": "auth.user",
  "pk": 4,
  "fields": {
    "password": "pbkdf2_sha256$150000$facETWBUJjYJ$URkIbGwPgJTz6prw4JVf0SSILwTM9I3wkosaDtQPunk=",
    "last_login": null,
    "is_superuser": false,
    "username": "vsteel",
    "first_name": "Virginia",
    "last_name": "Steel",
    "email": "vsteel@library.library.ucla.edu",
    "is_staff": false,
    "is_active": true,
    "date_joined": "2019-08-14T02:26:46Z",
    "groups": [],
    "user_permissions": []
  }
},
{
  "model": "auth.user",
  "pk": 5,
  "fields": {
    "password": "pbkdf2_sha256$150000$dhdmYBI1duvC$qBWXFWfIhYhY7/Sye4uLNbtFdLT3lgCtGgPKVVccj3Q=",
    "last_login": null,
    "is_superuser": false,
    "username": "tawopetu",
    "first_name": "Tinu",
    "last_name": "Awopetu",
    "email": "tinuola@library.ucla.edu",
    "is_staff": false,
    "is_active": true,
    "date_joined": "2019-09-01T15:44:42Z",
    "groups": [],
    "user_permissions": []
  }
},
{
  "model": "terra.employee",
  "pk": 1,
  "fields": {
    "user": 2,
    "phone": "",
    "unit": 2,
    "active": true,
    "uid": "FAKE001",
    "supervisor": 4
  }
},
{
  "model": "terra.employee",
  "pk": 2,
  "fields": {
    "user": 3,
    "phone": "",
    "unit": 3,
    "active": true,
    "uid": "FAKE002",
    "supervisor": 3
  }
},
{
  "model": "terra.employee",
  "pk": 3,
  "fields": {
    "user": 1,
    "phone": "",
    "unit": 3,
    "active": true,
    "uid": "FAKE003",
    "supervisor": 1
  }
},
{
  "model": "terra.employee",
  "pk": 4,
  "fields": {
    "user": 4,
    "phone": "",
    "unit": 1,
    "active": true,
    "uid": "FAKE004",
    "supervisor": null
  }
},
{
  "model": "terra.employee",
  "pk": 5,
  "fields": {
    "user": 5,
    "phone": "",
    "unit": 2,
    "active": true,
    "uid": "FAKE005",
    "supervisor": 3
  }
}
]
